,twitter_id,tone_AI,perceived_judgement_AI,polarity_AI
0,tweet_id:1971561698277589079,,,
1,tweet_id:1969421676246155329,,,
2,tweet_id:1969757691414552742,,,
3,tweet_id:1969677647954526582,,,
4,tweet_id:1971554490160709696,,,
5,tweet_id:1967026817623355632,Neutral,InFavor,0.5
6,tweet_id:1934803697722380411,Neutral,InFavor,0.5
7,tweet_id:1923761077374075233,Neutral,InFavor,0.5
8,tweet_id:1928382617683964151,Enjoyment,InFavor,0.8
9,tweet_id:1923294571171025000,Enjoyment,InFavor,0.8
10,tweet_id:1931620556627153280,Neutral,Unsure,0.0
11,tweet_id:1925532643472638081,Contempt,Opposedto,-0.7
12,tweet_id:1924374593533595698,Neutral,Unsure,0.0
13,tweet_id:1933001323751899314,Neutral,InFavor,0.5
14,tweet_id:1942551280465183013,Neutral,Unsure,0.0
15,tweet_id:1923187050208989436,Enjoyment,InFavor,0.8
16,tweet_id:1949659578054111438,Enjoyment,InFavor,0.8
17,tweet_id:1923882731869700352,Neutral,Unsure,0.2
18,tweet_id:1932669708433830086,Neutral,InFavor,0.5
19,tweet_id:1929471977988718802,Neutral,Unsure,0.2
20,tweet_id:1947248330011984031,Sadness,InFavor,0.5
21,tweet_id:1941004156455866869,Neutral,Unsure,0.0
22,tweet_id:1924300323168076126,Contempt,Opposedto,-0.7
23,tweet_id:1930669716969758769,Neutral,Unsure,0.0
24,tweet_id:1940713236023886204,Neutral,InFavor,0.5
25,tweet_id:1923716956877898060,Enjoyment,InFavor,0.8
26,tweet_id:1940774660435804204,Neutral,InFavor,0.5
27,tweet_id:1925127121409876278,Anger,Unsure,-0.5
28,tweet_id:1946053603246182628,Neutral,Unsure,0.0
29,tweet_id:1944639308536938536,Neutral,InFavor,0.5
30,tweet_id:1943203139278246294,Neutral,InFavor,0.5
31,tweet_id:1955202296427786605,Neutral,Opposedto,0.2
32,tweet_id:1934886544114168253,Neutral,InFavor,0.5
33,tweet_id:1923662232405278919,Neutral,InFavor,0.5
34,tweet_id:1926907494086979602,Neutral,Unsure,0.0
35,tweet_id:1923875867077509411,Neutral,InFavor,0.5
36,tweet_id:1923630807153074444,Neutral,Unsure,0.0
37,tweet_id:1941134530611753433,Neutral,InFavor,0.5
38,tweet_id:1926888188909412476,Neutral,Unsure,0.0
39,tweet_id:1923286646633472341,Enjoyment,InFavor,0.8
40,tweet_id:1936998096405430626,Fear,Unsure,-0.5
41,tweet_id:1939566800787947745,Enjoyment,InFavor,0.8
42,tweet_id:1926831533379252274,Contempt,Opposedto,-0.7
43,tweet_id:1940670364641907201,Contempt,Opposedto,-0.8
44,tweet_id:1923683612010131910,Surprise,Opposedto,-0.5
45,tweet_id:1946564675346596152,Surprise,InFavor,0.5
46,tweet_id:1923638166285901904,Neutral,InFavor,0.5
47,tweet_id:1923320297345732700,Neutral,InFavor,0.5
48,tweet_id:1924378170993868904,Enjoyment,InFavor,0.8
49,tweet_id:1924392910167953677,Neutral,InFavor,0.5
50,tweet_id:1949746880449229046,Sadness,Opposedto,-0.6
51,tweet_id:1950133362322002293,Contempt,Opposedto,-0.7
52,tweet_id:1927314213879349403,Contempt,Opposedto,-0.7
53,tweet_id:1940292993808019522,Neutral,InFavor,0.5
54,tweet_id:1924378009953542537,Surprise,Unsure,-0.2
55,tweet_id:1938836923776409782,Neutral,Unsure,0.0
56,tweet_id:1925368140965585343,Neutral,InFavor,0.5
57,tweet_id:1935714198824079561,Neutral,Unsure,0.0
58,tweet_id:1930885466217128275,Disgust,Opposedto,-0.7
59,tweet_id:1930218906213593297,Neutral,InFavor,0.5
60,tweet_id:1935921794642592190,Neutral,InFavor,0.5
61,tweet_id:1924309637819752766,Neutral,InFavor,0.5
62,tweet_id:1955933764552655295,Contempt,Opposedto,-0.8
63,tweet_id:1923638436109631607,Neutral,Unsure,0.0
64,tweet_id:1923383667621072949,Enjoyment,InFavor,0.8
65,tweet_id:1924354881680482694,Neutral,InFavor,0.5
66,tweet_id:1922534410252902826,Neutral,Unsure,0.0
67,tweet_id:1922844382971166886,Contempt,Opposedto,-0.8
68,tweet_id:1924419787079487808,Enjoyment,InFavor,0.8
69,tweet_id:1926839736657686962,Neutral,InFavor,0.5
70,tweet_id:1952225734824718475,Neutral,Unsure,0.0
71,tweet_id:1948555465111339302,Neutral,Unsure,0.0
72,tweet_id:1926906702865084822,Contempt,Opposedto,-0.8
73,tweet_id:1950006108816380229,Neutral,Unsure,0.0
74,tweet_id:1968194593759039697,Neutral,InFavor,0.5
75,tweet_id:1948926495147299212,Neutral,Unsure,0.0
76,tweet_id:1924365597749751904,Neutral,InFavor,0.5
77,tweet_id:1948591058142855463,Neutral,InFavor,0.5
78,tweet_id:1930776852320411868,Neutral,Unsure,0.0
79,tweet_id:1927194440478691825,Neutral,Opposedto,0.2
80,tweet_id:1939551667873370481,Neutral,InFavor,0.5
81,tweet_id:1925790196273910086,Neutral,InFavor,0.5
82,tweet_id:1927207003417415981,Contempt,Opposedto,-0.7
83,tweet_id:1925031071705661526,Enjoyment,InFavor,0.8
84,tweet_id:1938973085023014921,Neutral,Unsure,0.0
85,tweet_id:1942125386135216382,Neutral,Unsure,0.0
86,tweet_id:1925127592174383230,Anger,Unsure,-0.5
87,tweet_id:1923218990165307716,Anger,Opposedto,-0.8
88,tweet_id:1924383590462411218,Neutral,Unsure,0.0
89,tweet_id:1923780889315770586,Neutral,InFavor,0.5
90,tweet_id:1930772576638587147,Anger,Opposedto,-0.8
91,tweet_id:1923666256676389197,Neutral,Unsure,0.0
92,tweet_id:1937119346356256934,Anger,InFavor,0.7
93,tweet_id:1936966578626847122,Fear,Opposedto,-0.5
94,tweet_id:1927336679636861167,Anger,Opposedto,-0.8
95,tweet_id:1933490972064932285,Anger,Opposedto,-0.7
96,tweet_id:1949656594850967930,Neutral,InFavor,0.5
97,tweet_id:1928304414898393145,Neutral,Unsure,0.0
98,tweet_id:1943175173726966068,Neutral,Unsure,0.0
99,tweet_id:1925223933676003767,Contempt,InFavor,-0.5
100,tweet_id:1931573661863166376,Contempt,Opposedto,-0.8
101,tweet_id:1967099520774455566,Enjoyment,InFavor,0.8
102,tweet_id:1938624613355065786,Neutral,InFavor,0.5
103,tweet_id:1929501216632926232,Anger,Opposedto,-1.0
104,tweet_id:1942552816499003652,Neutral,Unsure,0.0
105,tweet_id:1921922751985553898,Anger,Opposedto,-0.8
106,tweet_id:1910902241202184588,Neutral,InFavor,0.5
107,tweet_id:1921848308491845649,Neutral,InFavor,0.8
108,tweet_id:1919334684942639363,Enjoyment,InFavor,1.0
109,tweet_id:1921957374635520233,Surprise,InFavor,0.5
110,tweet_id:1921919199724589547,Enjoyment,InFavor,0.8
111,tweet_id:1921748546795061565,Neutral,InFavor,0.8
112,tweet_id:1921805791272616082,Enjoyment,InFavor,0.8
113,tweet_id:1423468957638430720,Contempt,Opposedto,-0.8
114,tweet_id:1921171192771473709,Enjoyment,InFavor,0.8
115,tweet_id:1921231413229080720,Enjoyment,InFavor,0.8
116,tweet_id:1921918030197473523,Enjoyment,InFavor,0.8
117,tweet_id:1921752621515231697,Sadness,Unsure,-0.5
118,tweet_id:1523167342951211008,Neutral,Unsure,0.0
119,tweet_id:1921869885581197579,Sadness,InFavor,0.5
120,tweet_id:1839193747877478699,Enjoyment,InFavor,0.8
121,tweet_id:1921740430695342290,Neutral,InFavor,0.8
122,tweet_id:1921883902030774535,Enjoyment,InFavor,0.8
123,tweet_id:1921523627947696348,Neutral,InFavor,0.5
124,tweet_id:1919957910093762935,Enjoyment,InFavor,0.8
125,tweet_id:1840608670842794190,Neutral,InFavor,0.5
126,tweet_id:1910566015370748369,Neutral,Unsure,0.0
127,tweet_id:1894001833158545408,Contempt,InFavor,0.7
128,tweet_id:1909886904868418044,Enjoyment,InFavor,0.8
129,tweet_id:1919290261735145899,Neutral,InFavor,0.5
130,tweet_id:1541687673144111104,Contempt,Opposedto,-0.8
131,tweet_id:1921910868377321686,Neutral,Unsure,0.0
132,tweet_id:1910503942758511101,Neutral,Unsure,0.5
133,tweet_id:1921700031825891580,Contempt,Opposedto,-0.8
134,tweet_id:1919334041696034907,Enjoyment,InFavor,1.0
135,tweet_id:1919335872706834845,Enjoyment,InFavor,1.0
136,tweet_id:1921931046007812540,Enjoyment,InFavor,0.8
137,tweet_id:1921916096736526498,Enjoyment,InFavor,0.8
138,tweet_id:1916820865934598241,Neutral,Unsure,0.0
139,tweet_id:1921921554323050770,Neutral,InFavor,0.5
140,tweet_id:1921916941213560867,Neutral,InFavor,0.5
141,tweet_id:1910504237974642971,Neutral,InFavor,0.5
142,tweet_id:1921758011434873044,Neutral,InFavor,0.5
143,tweet_id:1921797063341130015,Neutral,InFavor,0.5
144,tweet_id:1921796477556228510,Enjoyment,InFavor,0.8
145,tweet_id:1523433481229193216,Contempt,Opposedto,-0.8
146,tweet_id:1921846836412707237,Enjoyment,InFavor,0.8
147,tweet_id:1915283709697368292,Enjoyment,InFavor,0.8
148,tweet_id:1541689789514416129,Disgust,Opposedto,-0.8
149,tweet_id:1906248143953645676,Neutral,Unsure,0.0
150,tweet_id:1921802829024428315,Neutral,Unsure,0.0
151,tweet_id:730603343802834945,Neutral,Unsure,0.0
152,tweet_id:1523535506721878016,Enjoyment,InFavor,0.8
153,tweet_id:1899725104390484382,Neutral,InFavor,0.5
154,tweet_id:1921734310354399334,Neutral,InFavor,0.5
155,tweet_id:1920373371155501274,Neutral,InFavor,0.5
156,tweet_id:1827997041433493810,Neutral,InFavor,0.5
157,tweet_id:1890139273422381083,Neutral,Unsure,0.0
158,tweet_id:1844146520121352440,Neutral,Unsure,0.0
159,tweet_id:1921857610807918785,Neutral,Unsure,0.2
160,tweet_id:1921813829060841785,Neutral,Unsure,0.2
161,tweet_id:1877596483559489894,Fear,Opposedto,-0.7
162,tweet_id:1911555920989159715,Neutral,InFavor,0.5
163,tweet_id:1443063078778593280,Neutral,InFavor,0.5
164,tweet_id:1918511432880058375,Neutral,InFavor,0.5
165,tweet_id:1921890067045384573,Neutral,Unsure,0.5
166,tweet_id:1911596214505886006,Anger,InFavor,0.8
167,tweet_id:1921930420486021561,Enjoyment,InFavor,0.8
168,tweet_id:1905100212995059957,Neutral,InFavor,0.5
169,tweet_id:1839159432690937976,Neutral,InFavor,0.5
170,tweet_id:1446019013298081797,Neutral,InFavor,0.5
171,tweet_id:1906935542346043671,Neutral,InFavor,0.5
172,tweet_id:1523571601232785408,Neutral,Unsure,0.0
173,tweet_id:1876456471707496505,Neutral,Unsure,0.0
174,tweet_id:1914633651364749529,Enjoyment,InFavor,0.8
175,tweet_id:1877551185768694030,Neutral,Unsure,0.0
176,tweet_id:1891001426199072871,Enjoyment,InFavor,0.8
177,tweet_id:1921242654383251776,Neutral,InFavor,0.75
178,tweet_id:1899744373971263890,Neutral,Unsure,0.0
179,tweet_id:1921964702986326473,Enjoyment,InFavor,0.8
180,tweet_id:1889150847051067652,Neutral,InFavor,0.5
181,tweet_id:1123750456545693696,Enjoyment,InFavor,0.8
182,tweet_id:1922197426146050057,Enjoyment,InFavor,0.8
183,tweet_id:1128603819682590720,Anger,Opposedto,-0.8
184,tweet_id:1921929453225099540,Neutral,InFavor,0.5
185,tweet_id:1891432583692484973,Anger,InFavor,0.8
186,tweet_id:1921893228569407892,Enjoyment,InFavor,0.8
187,tweet_id:1919750994822627823,Neutral,InFavor,0.5
188,tweet_id:1878109617051328530,Neutral,Unsure,0.0
189,tweet_id:1921863190947791312,Neutral,Unsure,0.0
190,tweet_id:1896125886279352404,Anger,Opposedto,-1.0
191,tweet_id:1827935745828647177,Neutral,InFavor,0.5
192,tweet_id:1914847943204733278,Neutral,InFavor,0.5
193,tweet_id:730033377848504320,Neutral,InFavor,0.5
194,tweet_id:1921524921387438084,Neutral,Unsure,0.5
195,tweet_id:1102203768504893442,Neutral,InFavor,0.5
196,tweet_id:1921596241412067534,Neutral,InFavor,0.5
197,tweet_id:1922133941366198731,Enjoyment,InFavor,0.8
198,tweet_id:731394425394450432,Neutral,InFavor,0.5
199,tweet_id:1129258881014571009,Anger,Opposedto,-0.8
200,tweet_id:1418205439372632065,Neutral,InFavor,0.5
201,tweet_id:1921169597937709308,Neutral,InFavor,0.5
202,tweet_id:1922163385590022343,Neutral,InFavor,0.5
203,tweet_id:1523136171014262784,Neutral,InFavor,0.8
204,tweet_id:731506831126867968,Neutral,InFavor,0.5
205,tweet_id:731491790109335552,Neutral,Unsure,0.0
206,tweet_id:1921763511585112488,Enjoyment,InFavor,0.8
207,tweet_id:731461963323052032,Neutral,Unsure,0.0
208,tweet_id:1921912048100810790,Surprise,Opposedto,-0.5
209,tweet_id:1842437059383832828,Neutral,Unsure,0.0
210,tweet_id:1919605438393319553,Neutral,InFavor,0.5
211,tweet_id:1919600702646898919,Neutral,InFavor,0.5
212,tweet_id:1919617181438136802,Neutral,InFavor,0.5
213,tweet_id:1489403744231964673,Neutral,Unsure,0.0
214,tweet_id:1521678224744337409,Neutral,InFavor,0.5
215,tweet_id:1922461862609994125,Neutral,InFavor,0.5
216,tweet_id:1971546289960890373,Neutral,Unsure,0.0
217,tweet_id:1970437286375346447,Enjoyment,InFavor,0.8
218,tweet_id:1971247980050333790,Surprise,InFavor,0.8
219,tweet_id:1971497327409181173,Contempt,Opposedto,-0.8
220,tweet_id:1971458341210816722,Neutral,InFavor,0.5
221,tweet_id:1969529503517945953,Anger,InFavor,0.8
222,tweet_id:1969671241754951778,Contempt,Opposedto,-0.8
223,tweet_id:1967970035865100589,Anger,Opposedto,-0.9
224,tweet_id:1971088605880910299,Anger,Opposedto,-0.9
225,tweet_id:1971544803059093613,Enjoyment,InFavor,0.8
226,tweet_id:1969765563301032167,Anger,Opposedto,-0.8
227,tweet_id:1971525482035429551,Contempt,Opposedto,-0.7
228,tweet_id:1971239367172817119,Contempt,Opposedto,-0.8
229,tweet_id:1971283673019285532,Fear,Opposedto,-0.8
230,tweet_id:1970059421192786402,Anger,Opposedto,-0.8
231,tweet_id:1971273825384816964,Anger,InFavor,0.7
232,tweet_id:1968904153557832122,Contempt,Opposedto,-0.8
233,tweet_id:1968121020553761078,Contempt,InFavor,0.8
234,tweet_id:1969557851250311639,Anger,InFavor,0.8
235,tweet_id:1971285366264168872,Anger,InFavor,0.7
236,tweet_id:1970186347928293744,Neutral,Unsure,0.0
237,tweet_id:1970033836546216388,Contempt,Opposedto,-0.8
238,tweet_id:1970467916744138790,Enjoyment,InFavor,0.8
239,tweet_id:1970898651628159106,Neutral,Unsure,0.2
240,tweet_id:1969820670776459478,Sadness,Opposedto,-0.8
241,tweet_id:1970428313593356669,Neutral,InFavor,0.5
242,tweet_id:1971430696070828205,Neutral,InFavor,0.5
243,tweet_id:1969214856088994066,Fear,Unsure,-0.5
244,tweet_id:1971329722786382281,Contempt,InFavor,0.8
245,tweet_id:1969238862955167936,Neutral,InFavor,0.5
246,tweet_id:1970824148336181299,Anger,Opposedto,-0.9
247,tweet_id:1970386705585934765,Anger,Opposedto,-0.7
248,tweet_id:1971506203223265719,Neutral,InFavor,0.5
249,tweet_id:1971419032277614882,Enjoyment,InFavor,0.8
250,tweet_id:1969665376335380976,Anger,Opposedto,-0.8
251,tweet_id:1970314945138160050,Disgust,Opposedto,-0.8
252,tweet_id:1083203084241780737,Enjoyment,InFavor,0.8
253,tweet_id:1970763768545071114,Neutral,InFavor,0.5
254,tweet_id:1970809863237521426,Contempt,Opposedto,-0.8
255,tweet_id:1970299506181968374,Neutral,Unsure,0.0
256,tweet_id:1971265276491772001,Contempt,Opposedto,-0.8
257,tweet_id:1969555946927001997,Contempt,Opposedto,-0.8
258,tweet_id:1969959332147322961,Fear,Opposedto,-0.8
259,tweet_id:1967791144844272035,Neutral,Unsure,0.0
260,tweet_id:1971514701780836743,Enjoyment,InFavor,0.8
261,tweet_id:1970497487963349443,Neutral,InFavor,0.5
262,tweet_id:1970844016850907448,Anger,Opposedto,-0.8
263,tweet_id:1967905924607029349,Anger,Opposedto,-0.8
264,tweet_id:1971517843444555966,Enjoyment,InFavor,0.8
265,tweet_id:1969565796360994830,Anger,Opposedto,-0.8
266,tweet_id:1971121371788021923,Enjoyment,Unsure,0.75
267,tweet_id:1967684197830807726,Anger,Opposedto,-0.8
268,tweet_id:1970388038518989303,Neutral,Unsure,0.0
269,tweet_id:1968999389151842465,Anger,Opposedto,-0.8
270,tweet_id:1969650076323889475,Anger,Opposedto,-0.8
271,tweet_id:1970285879597154659,Contempt,Opposedto,-0.8
272,tweet_id:1971546823686033671,Disgust,Opposedto,-0.8
273,tweet_id:1967808572974346353,Enjoyment,InFavor,0.8
274,tweet_id:1970925687247622526,Contempt,Opposedto,-0.8
275,tweet_id:1969930023370158149,Anger,Opposedto,-0.8
276,tweet_id:1970739817257542062,Neutral,Opposedto,0.2
277,tweet_id:1971272142898733413,Fear,Opposedto,-1.0
278,tweet_id:1967880858423197885,Anger,InFavor,0.8
279,tweet_id:1970064978972721164,Neutral,InFavor,0.5
280,tweet_id:1971160164431691874,Neutral,Unsure,0.0
281,tweet_id:1971451200945168726,Neutral,Unsure,0.0
282,tweet_id:1971131865517187282,Neutral,Unsure,0.0
283,tweet_id:1971462957042139185,Neutral,Unsure,0.0
284,tweet_id:1967969559098597522,Anger,InFavor,0.8
285,tweet_id:1921917467032436896,Enjoyment,InFavor,0.8
286,tweet_id:1921922248295800980,Neutral,InFavor,0.5
287,tweet_id:1971556574562013307,Neutral,Unsure,0.0
288,tweet_id:1921900711190712638,Neutral,InFavor,0.5
289,tweet_id:1921961152923218135,Neutral,Unsure,0.0
290,tweet_id:1921947223509676250,Enjoyment,InFavor,0.8
291,tweet_id:1921922953324720149,Enjoyment,InFavor,0.8
292,tweet_id:1921940485947412480,Enjoyment,InFavor,1.0
293,tweet_id:1921813164024328478,Neutral,Unsure,0.0
294,tweet_id:1921907150932131992,Enjoyment,InFavor,0.8
295,tweet_id:1874969150260760665,Contempt,Opposedto,-0.8
296,tweet_id:1971557061440717036,Sadness,Unsure,0.0
297,tweet_id:1929467257408692533,Neutral,Unsure,0.0
298,tweet_id:1882802765803761817,Neutral,Unsure,0.0
299,tweet_id:1931021997192126651,Enjoyment,InFavor,0.8
300,tweet_id:1971082005736763404,Enjoyment,InFavor,0.8
301,tweet_id:1921923867121000557,Fear,Unsure,-0.8
302,tweet_id:1921920651964649535,Enjoyment,InFavor,1.0
303,tweet_id:1971554231338541517,Neutral,Unsure,0.5
304,tweet_id:1971555701656035836,Sadness,Opposedto,-0.8
305,tweet_id:1933364245179056532,Neutral,Unsure,0.0
306,tweet_id:1921875694683897951,Neutral,Unsure,0.0
307,tweet_id:1971553317064147135,Anger,Opposedto,-0.8
308,tweet_id:1921760936697704887,Neutral,InFavor,0.5
309,tweet_id:1921749129887355251,Neutral,InFavor,0.5
310,tweet_id:1921779139805143157,Neutral,InFavor,0.5
311,tweet_id:1879802461743095882,Contempt,Opposedto,-0.8
312,tweet_id:1934357396601610344,Enjoyment,InFavor,1.0
313,tweet_id:1943248840519541054,Neutral,Unsure,0.0
314,tweet_id:1923971286667231581,Enjoyment,InFavor,0.8
315,tweet_id:1933165634298503614,Neutral,Unsure,0.2
316,tweet_id:1927570178864304187,Fear,InFavor,0.5
317,tweet_id:1936725442335273223,Contempt,InFavor,0.75
318,tweet_id:1923316900353691861,Enjoyment,InFavor,0.8
319,tweet_id:1923921794899247511,Anger,Opposedto,-0.8
320,tweet_id:1923020722064052410,Enjoyment,InFavor,0.8
321,tweet_id:1922979922672332829,Enjoyment,InFavor,0.8
322,tweet_id:1925897896060178486,Neutral,InFavor,0.5
323,tweet_id:1930270063505883155,Enjoyment,InFavor,0.8
324,tweet_id:1930102260123742427,Neutral,Unsure,0.0
325,tweet_id:1922554183296712934,Neutral,InFavor,0.8
326,tweet_id:1923903694904701153,Enjoyment,InFavor,0.8
327,tweet_id:1930559687830753451,Enjoyment,InFavor,0.8
328,tweet_id:1928722020096708911,Neutral,Unsure,0.0
329,tweet_id:1932622134796292175,Neutral,Unsure,0.0
330,tweet_id:1927984030768582718,Contempt,Opposedto,-0.8
331,tweet_id:1923561207270916267,Anger,Opposedto,-0.8
332,tweet_id:1923180939489792132,Enjoyment,InFavor,0.8
333,tweet_id:1924993548002460051,Contempt,Opposedto,-0.7
334,tweet_id:1943203636299075974,Neutral,InFavor,0.5
335,tweet_id:1923912788453490984,Anger,Opposedto,-0.8
336,tweet_id:1923663345720361056,Enjoyment,InFavor,0.8
337,tweet_id:1941678876901638553,Neutral,InFavor,0.5
338,tweet_id:1925706968347415022,Neutral,InFavor,0.5
339,tweet_id:1928298560623087625,Neutral,InFavor,0.5
340,tweet_id:1940359870164972003,Neutral,InFavor,0.5
341,tweet_id:1928419387511652358,Neutral,InFavor,0.2
342,tweet_id:1945128720362098736,Enjoyment,InFavor,0.8
343,tweet_id:1933142395086074341,Neutral,InFavor,0.5
344,tweet_id:1928296151524200707,Neutral,InFavor,0.5
345,tweet_id:1946055093180383688,Neutral,InFavor,0.5
346,tweet_id:1925790891807019450,Neutral,Unsure,0.0
347,tweet_id:1925461691846074536,Neutral,InFavor,0.5
348,tweet_id:1933554968876769630,Neutral,InFavor,0.8
349,tweet_id:1928306572016386350,Neutral,Unsure,0.0
350,tweet_id:1946140387808072040,Neutral,InFavor,0.5
351,tweet_id:1949654690167161081,Neutral,InFavor,0.5
352,tweet_id:1939612610766503969,Neutral,InFavor,0.5
353,tweet_id:1932929428700717534,Neutral,Unsure,0.2
354,tweet_id:1932766561636597823,Neutral,Unsure,0.0
355,tweet_id:1925720946154840164,Neutral,Unsure,0.0
356,tweet_id:1923672052374044739,Sadness,Opposedto,-0.8
357,tweet_id:1923891286509051946,Enjoyment,InFavor,0.8
358,tweet_id:1924649966796144997,Neutral,InFavor,0.5
359,tweet_id:1943263935433441749,Contempt,Opposedto,-0.7
360,tweet_id:1937879705144741926,Neutral,InFavor,0.5
361,tweet_id:1937050492804427968,Contempt,Opposedto,-0.8
362,tweet_id:1935729294199635989,Neutral,Unsure,0.2
363,tweet_id:1924364400020029680,Contempt,Opposedto,-0.7
364,tweet_id:1942585714287468634,Neutral,InFavor,0.5
365,tweet_id:1943240025547903106,Neutral,InFavor,0.2
366,tweet_id:1947159556553163175,Neutral,Unsure,0.0
367,tweet_id:1925376361042157794,Enjoyment,InFavor,0.9
368,tweet_id:1925432830232076657,Enjoyment,InFavor,0.8
369,tweet_id:1924362438914560050,Disgust,Opposedto,-0.8
370,tweet_id:1930883605926121747,Neutral,InFavor,0.5
371,tweet_id:1925107055100387378,Contempt,Opposedto,-0.8
372,tweet_id:1964300261696106514,Neutral,Unsure,0.0
373,tweet_id:1955203035011154216,Neutral,InFavor,0.5
374,tweet_id:1950005605353116115,Neutral,InFavor,0.5
375,tweet_id:1945257372777165040,Surprise,Unsure,0.5
376,tweet_id:1949654232988016863,Neutral,InFavor,0.5
377,tweet_id:1968286302002114651,Neutral,InFavor,0.5
378,tweet_id:1949810822534086920,Neutral,InFavor,0.5
379,tweet_id:1971560775103000803,Anger,Opposedto,-0.8
380,tweet_id:1128678701535834114,Anger,InFavor,0.8
381,tweet_id:1128678459452968961,Anger,Opposedto,-0.8
382,tweet_id:1921730218131345694,Neutral,InFavor,0.5
383,tweet_id:1971561517536653313,Enjoyment,InFavor,0.9
384,tweet_id:1921781402552385738,Neutral,InFavor,0.5
385,tweet_id:1094400495869804545,Neutral,Unsure,0.0
386,tweet_id:1888987035924578686,Anger,InFavor,0.8
387,tweet_id:1921559084714561927,Contempt,Opposedto,-0.8
388,tweet_id:1921402549447360620,Neutral,InFavor,0.5
389,tweet_id:711556512666157056,Neutral,InFavor,0.5
390,tweet_id:1971555392208671091,Enjoyment,InFavor,0.8
391,tweet_id:711523374564921344,Neutral,Unsure,0.0
392,tweet_id:1789616040252711007,Enjoyment,InFavor,0.8
393,tweet_id:724247035621167104,Neutral,Unsure,0.0
394,tweet_id:1971535473186140359,Fear,Opposedto,-0.8
395,tweet_id:1923618350636335435,Neutral,InFavor,0.5
396,tweet_id:1971561432463609926,Neutral,Unsure,0.0
397,tweet_id:729337808125624320,Neutral,InFavor,0.5
398,tweet_id:724246527284105216,Neutral,Unsure,0.0
399,tweet_id:1957345533946667085,Neutral,Unsure,0.0
400,tweet_id:729920370627760129,Neutral,InFavor,0.5
401,tweet_id:1940400847214842107,Neutral,Unsure,0.0
402,tweet_id:1965684670785343553,Neutral,Unsure,0.0
403,tweet_id:724196358043762688,Neutral,Unsure,0.0
404,tweet_id:1945469021559693694,Neutral,Unsure,0.2
405,tweet_id:1958387840196424153,Neutral,Unsure,0.0
406,tweet_id:1965691968861675771,Neutral,Unsure,0.0
407,tweet_id:1960773560185569676,Neutral,InFavor,0.5
408,tweet_id:1968168284345225505,Neutral,Unsure,0.0
409,tweet_id:1968157211630166337,Neutral,Unsure,0.0
410,tweet_id:1960845030752428218,Neutral,InFavor,0.5
411,tweet_id:1971552882249040140,Neutral,Unsure,0.0
412,tweet_id:1971560455895232936,Neutral,Unsure,0.0
413,tweet_id:1948941595627475101,Neutral,InFavor,0.5
414,tweet_id:1971553972440994036,Neutral,Unsure,0.0
415,tweet_id:1971558932213862801,Neutral,Unsure,0.0
416,tweet_id:1967890620346929516,Neutral,InFavor,0.5
417,tweet_id:1948560644372135959,Neutral,Unsure,0.0
418,tweet_id:1128160096561684480,Anger,Opposedto,-0.8
419,tweet_id:1967096220263789050,Neutral,InFavor,0.2
420,tweet_id:1930814651371278837,Neutral,InFavor,0.5
421,tweet_id:1948199738438017028,Neutral,InFavor,0.5
422,tweet_id:1959848715272782237,Fear,Unsure,-0.5
423,tweet_id:1970273398170492937,Contempt,Opposedto,-0.8
424,tweet_id:1921731465496121491,Neutral,InFavor,0.5
425,tweet_id:1967490414593888349,Contempt,Opposedto,-0.7
426,tweet_id:1960920527003865341,Neutral,Unsure,0.0
427,tweet_id:1968587549707747500,Neutral,InFavor,0.5
428,tweet_id:1968556848073629718,Neutral,InFavor,0.5
429,tweet_id:1925908979848221007,Contempt,Opposedto,-0.7
430,tweet_id:1933445807929197043,Neutral,InFavor,0.5
431,tweet_id:1958489761322070263,Neutral,Unsure,0.0
432,tweet_id:1929875644495663448,Neutral,InFavor,0.5
433,tweet_id:1942092242577227837,Neutral,Unsure,0.0
434,tweet_id:1934857229074878604,Neutral,Unsure,0.0
435,tweet_id:1970206140853256480,Enjoyment,InFavor,0.8
436,tweet_id:1969744522596003953,Neutral,Unsure,0.0
437,tweet_id:1958489511064723771,Neutral,Unsure,0.0
438,tweet_id:1961347340372967552,Sadness,Unsure,-0.5
439,tweet_id:1971531956459360575,Fear,InFavor,0.8
440,tweet_id:1959848462817599759,Fear,Unsure,-0.5
441,tweet_id:1967041890089623910,Neutral,InFavor,0.5
442,tweet_id:1923635978947920115,Enjoyment,InFavor,0.8
443,tweet_id:1951196454480941200,Neutral,InFavor,0.5
444,tweet_id:1971561698277589079,,,
445,tweet_id:1949750877360668687,Sadness,Opposedto,-0.5
446,tweet_id:1929485316840452572,Neutral,Unsure,0.2
447,tweet_id:1935551001349509285,Neutral,InFavor,0.5
448,tweet_id:1943185208146301147,Neutral,Unsure,0.0
449,tweet_id:1951200481230893081,Neutral,InFavor,0.5
450,tweet_id:1968291319375425605,Surprise,Unsure,0.8
451,tweet_id:1969847504239014360,Neutral,InFavor,0.5
452,tweet_id:1971552836010815512,Neutral,Unsure,0.0
453,tweet_id:1956248239738359892,Anger,Opposedto,-0.7
454,tweet_id:1967100247353495824,Neutral,InFavor,0.2
455,tweet_id:1967950851391230477,Surprise,InFavor,0.8
456,tweet_id:1970840952790208986,Neutral,Unsure,0.0
457,tweet_id:1969759153515384991,Enjoyment,InFavor,0.8
458,tweet_id:1955635707982020784,Neutral,Unsure,0.0
459,tweet_id:1935263024379515371,Neutral,Unsure,0.0
460,tweet_id:1930633922150613427,Neutral,Unsure,0.0
461,tweet_id:724246844650344448,Neutral,Unsure,0.0
462,tweet_id:711526891954577408,Enjoyment,InFavor,0.8
463,tweet_id:729786146365046785,Enjoyment,InFavor,0.8
464,tweet_id:711534319135633408,Contempt,InFavor,0.5
465,tweet_id:729774965017464834,Surprise,InFavor,0.8
466,tweet_id:731763787854909440,Surprise,Opposedto,-0.8
467,tweet_id:719068558186012672,Contempt,InFavor,0.8
468,tweet_id:729685493038780417,Neutral,InFavor,0.5
469,tweet_id:710117993540362240,Enjoyment,InFavor,0.8
470,tweet_id:730999543609856000,Neutral,InFavor,0.5
471,tweet_id:719146944908517376,Neutral,InFavor,0.5
472,tweet_id:729770668330520576,Neutral,InFavor,0.8
473,tweet_id:730600431924051969,Neutral,InFavor,0.5
474,tweet_id:705596837554626560,Neutral,Unsure,0.0
475,tweet_id:1970462888981872840,Enjoyment,InFavor,0.8
476,tweet_id:729839520087220228,Neutral,InFavor,0.5
477,tweet_id:735280692054003712,Neutral,InFavor,0.5
478,tweet_id:724196822479073280,Neutral,Unsure,0.0
479,tweet_id:701354220570681344,Enjoyment,InFavor,0.8
480,tweet_id:729487384220475392,Contempt,Opposedto,-0.8
481,tweet_id:711551669121769473,Enjoyment,InFavor,0.8
482,tweet_id:729470253558730752,Enjoyment,InFavor,0.8
483,tweet_id:730934957460328448,Neutral,InFavor,0.5
484,tweet_id:723677285295886336,Neutral,InFavor,0.5
485,tweet_id:728938680593747969,Neutral,InFavor,0.5
486,tweet_id:729923894144995328,Neutral,InFavor,0.5
487,tweet_id:728361727704719361,Contempt,InFavor,0.8
488,tweet_id:725924612299608068,Neutral,Unsure,0.5
489,tweet_id:729854440459603968,Contempt,Opposedto,-0.7
490,tweet_id:724197080525246464,Neutral,Unsure,0.0
491,tweet_id:711581406292475905,Neutral,InFavor,0.8
492,tweet_id:728920372666613760,Neutral,InFavor,0.5
493,tweet_id:728940300228403200,Surprise,InFavor,0.8
494,tweet_id:1971561049792077936,Anger,Opposedto,-1.0
495,tweet_id:729888504331784192,Neutral,InFavor,0.5
496,tweet_id:728935279097040896,Enjoyment,InFavor,0.8
497,tweet_id:728937502002683904,Anger,InFavor,0.8
498,tweet_id:727842766550601729,Neutral,InFavor,0.5
499,tweet_id:701385368843776000,Enjoyment,InFavor,0.8
500,tweet_id:730263517601763330,Neutral,Unsure,0.0
501,tweet_id:729922865705852928,Neutral,InFavor,0.5
502,tweet_id:701409912916672516,Neutral,InFavor,0.5
503,tweet_id:668102432879079424,Surprise,InFavor,0.8
504,tweet_id:730220097210458112,Neutral,Unsure,0.0
505,tweet_id:728888493217177600,Neutral,InFavor,0.5
506,tweet_id:730600492179427328,Neutral,InFavor,0.5
507,tweet_id:711542931585368064,Enjoyment,InFavor,0.8
508,tweet_id:729727829626126336,Enjoyment,InFavor,0.5
509,tweet_id:728952677405700096,Neutral,InFavor,0.5
510,tweet_id:729036077311377408,Enjoyment,InFavor,0.8
511,tweet_id:736201825121095680,Surprise,InFavor,0.8
512,tweet_id:724176316895907840,Neutral,Unsure,0.0
513,tweet_id:1933351445551563180,Neutral,Unsure,0.0
514,tweet_id:719100498796609536,Neutral,InFavor,0.5
515,tweet_id:728935788109430784,Neutral,InFavor,0.5
516,tweet_id:728940149829074944,Neutral,InFavor,0.5
517,tweet_id:1926909977177817196,Enjoyment,InFavor,0.8
518,tweet_id:1969802688193020149,Enjoyment,InFavor,0.8
519,tweet_id:1961343313891467442,Sadness,Unsure,-0.5
520,tweet_id:1969729238464168200,Neutral,InFavor,0.5
521,tweet_id:1969761592515682618,Anger,Opposedto,-0.8
522,tweet_id:1968567533524451588,Neutral,Unsure,0.0
523,tweet_id:1934204193033830540,Enjoyment,InFavor,0.9
524,tweet_id:1971551947892416591,Sadness,Unsure,-0.5
525,tweet_id:1955639737311461735,Neutral,Unsure,0.0
526,tweet_id:1940411927454167354,Neutral,InFavor,0.5
527,tweet_id:1936979670597304741,Neutral,InFavor,0.5
528,tweet_id:1970273126647755084,Enjoyment,InFavor,0.8
529,tweet_id:1971559362989830256,Anger,Opposedto,-1.0
530,tweet_id:701382172918341632,Neutral,InFavor,0.5
531,tweet_id:1938079056945172718,Neutral,InFavor,0.5
532,tweet_id:1969455855562342767,Contempt,Opposedto,-0.8
533,tweet_id:1924393512285737164,Enjoyment,InFavor,0.8
534,tweet_id:1969142314397221299,Neutral,InFavor,0.5
535,tweet_id:1939626750595551251,Neutral,InFavor,0.5
536,tweet_id:1933473717515854129,Neutral,Unsure,0.0
537,tweet_id:1970482954792247473,Neutral,Unsure,0.0
538,tweet_id:1934883486269354354,Neutral,InFavor,0.5
539,tweet_id:1935527240026013733,Neutral,Unsure,0.0
540,tweet_id:1969615029365588169,Neutral,InFavor,0.8
541,tweet_id:730090875166941184,Neutral,Unsure,0.0
542,tweet_id:1942943068988010973,Neutral,Unsure,0.0
543,tweet_id:1969832648769184039,Neutral,InFavor,0.7
544,tweet_id:1940415475353088478,Neutral,InFavor,0.5
545,tweet_id:1935638592652800162,Neutral,Opposedto,0.0
546,tweet_id:1969383397140414896,Neutral,InFavor,0.8
547,tweet_id:1933049125043671495,Neutral,Unsure,0.0
548,tweet_id:1969642530750022019,Sadness,Opposedto,-0.7
549,tweet_id:1969606589285089347,Enjoyment,InFavor,0.8
550,tweet_id:1971560933618258428,Enjoyment,InFavor,0.8
551,tweet_id:1969552295835943358,Anger,InFavor,0.8
552,tweet_id:1933469675557359693,Neutral,Unsure,0.0
553,tweet_id:1930117584004714572,Surprise,Unsure,0.5
554,tweet_id:1971556443322220916,Anger,Opposedto,-0.8
555,tweet_id:1971194200357208207,Neutral,InFavor,0.5
556,tweet_id:1935251436314485242,Neutral,Unsure,0.0
557,tweet_id:1929513623031808134,Neutral,Unsure,0.2
558,tweet_id:1935523233270305133,Neutral,Unsure,0.0
559,tweet_id:1971556988841857314,Enjoyment,InFavor,0.8
560,tweet_id:1938935713950585170,Neutral,InFavor,0.5
561,tweet_id:1937304943406276993,Contempt,Opposedto,-0.5
562,tweet_id:1970010489594818995,Anger,Opposedto,-0.8
563,tweet_id:1969916639757123642,Neutral,Unsure,0.0
564,tweet_id:1938075017478041605,Neutral,InFavor,0.5
565,tweet_id:1969720998971977747,Enjoyment,InFavor,0.8
566,tweet_id:1971561299760013430,Neutral,Unsure,0.0
567,tweet_id:1939600106132541902,Neutral,InFavor,0.5
568,tweet_id:1971199482089046080,Neutral,Unsure,0.0
569,tweet_id:1969650432806158749,Sadness,InFavor,0.5
570,tweet_id:1971047539555303551,Neutral,InFavor,0.8
571,tweet_id:1969566904898801942,Anger,Opposedto,-1.0
572,tweet_id:1971513177067405517,Enjoyment,InFavor,0.8
573,tweet_id:1970473668854825064,Enjoyment,InFavor,0.8
574,tweet_id:1969723121449214215,Anger,Opposedto,-0.8
575,tweet_id:1969634361764168088,Anger,Opposedto,-0.8
576,tweet_id:1971558713992577050,Enjoyment,InFavor,0.8
577,tweet_id:1969957302678757867,Anger,Opposedto,-0.8
578,tweet_id:1923920031244747102,Neutral,Unsure,0.0
579,tweet_id:1969576171689165054,Neutral,Unsure,0.0
580,tweet_id:1969723863132205229,Enjoyment,InFavor,0.8
581,tweet_id:1969569680424911160,Anger,Opposedto,-0.8
582,tweet_id:1971170692537426357,Enjoyment,InFavor,0.8
583,tweet_id:1969041100632359106,Enjoyment,InFavor,0.5
584,tweet_id:1969662816564232278,Anger,Opposedto,-1.0
585,tweet_id:1971354440134447442,Anger,Opposedto,-0.8
586,tweet_id:1969626678516465938,Contempt,Opposedto,-0.8
587,tweet_id:1969111723513672062,Anger,Opposedto,-1.0
588,tweet_id:1970439880825282741,Enjoyment,InFavor,0.8
589,tweet_id:1971559712660529191,Neutral,Unsure,0.0
590,tweet_id:1969671163866726846,Enjoyment,InFavor,0.8
591,tweet_id:1971552482062164390,Anger,Opposedto,-0.8
592,tweet_id:1969738057218941382,Anger,Opposedto,-1.0
593,tweet_id:1969421676246155329,,,
594,tweet_id:1971364644246999351,Enjoyment,InFavor,0.8
595,tweet_id:1969859371233591313,Neutral,InFavor,0.5
596,tweet_id:1969753168096686299,Neutral,InFavor,0.5
597,tweet_id:1969786191961858535,Contempt,Opposedto,-0.8
598,tweet_id:1969742080110161964,Contempt,Opposedto,-0.8
599,tweet_id:1971552177580884094,Enjoyment,InFavor,0.8
600,tweet_id:1969343412739457184,Anger,Opposedto,-1.0
601,tweet_id:1971459622298058854,Enjoyment,InFavor,0.8
602,tweet_id:1969113461658354062,Anger,Opposedto,-1.0
603,tweet_id:1970025799206978023,Anger,Opposedto,-0.8
604,tweet_id:1971558644329377981,Anger,InFavor,0.8
605,tweet_id:1969757691414552742,,,
606,tweet_id:1971559063923351982,Neutral,Unsure,0.0
607,tweet_id:1969677647954526582,,,
608,tweet_id:1971554713482187040,Enjoyment,InFavor,0.8
609,tweet_id:1969956148494434485,Anger,InFavor,0.8
610,tweet_id:1970774110780403942,Enjoyment,InFavor,0.8
611,tweet_id:1971535783669670211,Enjoyment,InFavor,0.8
612,tweet_id:1969626467685581143,Enjoyment,InFavor,0.8
613,tweet_id:1969096332234113040,Enjoyment,InFavor,0.9
614,tweet_id:1971192071479582956,Enjoyment,InFavor,0.8
615,tweet_id:1970033717956809215,Sadness,Unsure,-0.5
616,tweet_id:1969491306901881025,Enjoyment,InFavor,0.8
617,tweet_id:1971559378349428766,Neutral,Unsure,0.0
618,tweet_id:1969620775658537013,Fear,Unsure,0.2
619,tweet_id:1970473095401218189,Disgust,Opposedto,-0.8
620,tweet_id:1971560720144982455,Neutral,Unsure,0.0
621,tweet_id:1971560511885189232,Neutral,Unsure,0.0
622,tweet_id:1970105117505724504,Sadness,Unsure,-0.7
623,tweet_id:1971559942340685990,Neutral,Unsure,0.0
624,tweet_id:1969739177224020414,Enjoyment,InFavor,0.8
625,tweet_id:1969617991378878910,Anger,InFavor,0.8
626,tweet_id:1969563023204631036,Anger,Opposedto,-0.9
627,tweet_id:1969077379285807196,Anger,Opposedto,-0.8
628,tweet_id:1971555783407174143,Enjoyment,InFavor,0.8
629,tweet_id:1971559600303247799,Neutral,Unsure,0.0
630,tweet_id:1969709427663274023,Anger,Opposedto,-1.0
631,tweet_id:1971555787190534584,Neutral,Unsure,0.0
632,tweet_id:1971552692427542602,Contempt,Opposedto,-0.8
633,tweet_id:728943951990808576,Neutral,InFavor,0.5
634,tweet_id:1969878291424424060,Enjoyment,InFavor,0.8
635,tweet_id:1969638524862546417,Anger,Opposedto,-0.8
636,tweet_id:1971012525190938806,Surprise,Unsure,0.2
637,tweet_id:1970317280518271320,Neutral,Unsure,0.2
638,tweet_id:1971554490160709696,,,
639,tweet_id:1969780660157247596,Anger,InFavor,0.8
640,tweet_id:1971556377761059169,Contempt,Opposedto,-0.8
641,tweet_id:1969699208707096705,Anger,InFavor,0.8
642,tweet_id:1969924351177982275,Neutral,InFavor,0.8
643,tweet_id:1971363825485217894,Enjoyment,Unsure,0.8
644,tweet_id:1960913229103706517,Neutral,Unsure,0.0
645,tweet_id:1969665341220696235,Sadness,InFavor,0.7
646,tweet_id:1970999609070846158,Enjoyment,Unsure,0.8
647,tweet_id:1970912046922465397,Anger,Opposedto,-1.0
648,tweet_id:1971551063032623586,Disgust,Opposedto,-0.8
649,tweet_id:1971557852474216832,Surprise,Unsure,0.5
650,tweet_id:1920977083360313611,Neutral,Unsure,0.0
651,tweet_id:1920901384729178216,Contempt,Opposedto,-0.8
652,tweet_id:1920871766827626632,Neutral,Unsure,0.0
653,tweet_id:1920864431736562148,Enjoyment,InFavor,0.8
654,tweet_id:1920854508533334479,Enjoyment,InFavor,0.8
655,tweet_id:1920838922159956041,Enjoyment,InFavor,0.8
656,tweet_id:1920837089299489014,Neutral,InFavor,0.5
657,tweet_id:1920833333375693268,Neutral,InFavor,0.5
658,tweet_id:1920830577810210939,Enjoyment,InFavor,0.8
659,tweet_id:1920827942692618370,Neutral,Unsure,0.0
660,tweet_id:1920807042446487865,Neutral,InFavor,0.5
661,tweet_id:1920805907891380274,Neutral,InFavor,0.5
662,tweet_id:1920805108616503630,Enjoyment,InFavor,0.8
663,tweet_id:1920801471655772332,Enjoyment,InFavor,0.8
664,tweet_id:1920781433989145050,Neutral,Unsure,0.0
665,tweet_id:1920779922773086279,Enjoyment,InFavor,0.8
666,tweet_id:1920777127533695463,Neutral,InFavor,0.5
667,tweet_id:1920777040413741306,Neutral,InFavor,0.5
668,tweet_id:1920773693581509031,Enjoyment,InFavor,0.8
669,tweet_id:1920729879240171780,Sadness,InFavor,0.5
670,tweet_id:1920720226498249021,Neutral,Unsure,0.0
671,tweet_id:1920716711478641126,Enjoyment,InFavor,0.8
672,tweet_id:1920675663301779810,Neutral,Unsure,0.5
673,tweet_id:1920670224874934426,Neutral,InFavor,0.5
674,tweet_id:1920668362859749835,Anger,Opposedto,-0.8
675,tweet_id:1920576280593944839,Contempt,Opposedto,-0.5
676,tweet_id:1920509390848729523,Neutral,InFavor,0.5
677,tweet_id:1920509002896847294,Neutral,InFavor,0.5
678,tweet_id:1920503320470565198,Enjoyment,InFavor,0.8
679,tweet_id:1920481410865115158,Enjoyment,InFavor,0.9
680,tweet_id:1920452416433959006,Contempt,Opposedto,-0.8
681,tweet_id:1920451415119372799,Enjoyment,InFavor,0.8
682,tweet_id:1920429998160093378,Enjoyment,InFavor,0.9
683,tweet_id:1920419231407222821,Contempt,Opposedto,-0.8
684,tweet_id:1920360147353817109,Enjoyment,InFavor,0.8
685,tweet_id:1920353534777708683,Anger,InFavor,0.8
686,tweet_id:1920348187304271880,Sadness,Unsure,-0.5
687,tweet_id:1920333410133844389,Contempt,Opposedto,-0.8
688,tweet_id:1920331395316035782,Contempt,Opposedto,-0.8
689,tweet_id:1920310184586723441,Neutral,Opposedto,-0.5
690,tweet_id:1920298070157230484,Contempt,Opposedto,-0.8
691,tweet_id:1920291816794214721,Neutral,Opposedto,-0.5
692,tweet_id:1920278722332041593,Enjoyment,InFavor,0.9
693,tweet_id:1920223866019840061,Anger,Opposedto,-0.8
694,tweet_id:1920214754003726405,Neutral,InFavor,0.5
695,tweet_id:1920162670789210282,Enjoyment,InFavor,0.8
696,tweet_id:1920145913563255243,Enjoyment,InFavor,0.8
697,tweet_id:1920142546627621345,Enjoyment,InFavor,0.8
698,tweet_id:1920139921261817902,Enjoyment,InFavor,0.8
699,tweet_id:1920135027607716234,Enjoyment,InFavor,0.8
700,tweet_id:1920122618268795374,Enjoyment,InFavor,0.9
701,tweet_id:1920105271659299256,Enjoyment,InFavor,0.8
702,tweet_id:1920101317311168724,Contempt,InFavor,0.5
703,tweet_id:1920097911251378221,Contempt,Opposedto,-0.8
704,tweet_id:1920090131035537545,Enjoyment,InFavor,0.8
705,tweet_id:1920086229216841823,Enjoyment,Opposedto,0.8
706,tweet_id:1920084233663492408,Neutral,InFavor,0.5
707,tweet_id:1920061261984764220,Enjoyment,InFavor,0.8
708,tweet_id:1920030438841843958,Contempt,Opposedto,-0.8
709,tweet_id:1920020012149919776,Neutral,InFavor,0.75
710,tweet_id:1920009276585619760,Enjoyment,InFavor,0.8
711,tweet_id:1919994453218976220,Enjoyment,InFavor,0.8
712,tweet_id:1919993103483580753,Enjoyment,InFavor,0.8
713,tweet_id:1919966812655255689,Neutral,InFavor,0.5
714,tweet_id:1919964766908416480,Contempt,Opposedto,-0.8
715,tweet_id:1919954501689344273,Enjoyment,InFavor,0.8
716,tweet_id:1919953086984159497,Enjoyment,InFavor,0.8
717,tweet_id:1919952390930710672,Enjoyment,InFavor,0.8
718,tweet_id:1919951116152013255,Neutral,InFavor,0.5
719,tweet_id:1919922180692824242,Anger,Opposedto,-0.8
720,tweet_id:1919754845764132997,Enjoyment,InFavor,0.8
721,tweet_id:1919749632562802800,Enjoyment,InFavor,0.8
722,tweet_id:1919743694380388735,Enjoyment,InFavor,0.8
723,tweet_id:1919739378198315193,Neutral,Unsure,0.2
724,tweet_id:1919708727352930531,Neutral,InFavor,0.8
725,tweet_id:1919694144764829935,Neutral,Unsure,0.0
726,tweet_id:1919692836632723679,Anger,Opposedto,-0.8
727,tweet_id:1919687036853735797,Contempt,Opposedto,-0.8
728,tweet_id:1919680987639722173,Enjoyment,InFavor,0.8
729,tweet_id:1919674748256321705,Enjoyment,InFavor,0.8
730,tweet_id:1919638365240230028,Contempt,InFavor,0.8
731,tweet_id:1919633773848899988,Contempt,Opposedto,-0.8
732,tweet_id:1919631813481529658,Neutral,Unsure,0.0
733,tweet_id:1919619767595569288,Enjoyment,InFavor,0.8
734,tweet_id:1919619767289434416,Neutral,InFavor,0.5
735,tweet_id:1919594990612971998,Neutral,InFavor,0.5
736,tweet_id:1919594099486949491,Enjoyment,InFavor,0.8
737,tweet_id:1919591279844815122,Contempt,Opposedto,-0.8
738,tweet_id:1919583153959928218,Neutral,InFavor,0.5
739,tweet_id:1919572788576452852,Neutral,Unsure,0.0
740,tweet_id:1919426033889263849,Contempt,Opposedto,-0.8
741,tweet_id:1919365072142401927,Neutral,InFavor,0.5
742,tweet_id:1919317204723708203,Neutral,Unsure,0.5
743,tweet_id:1919305368875782468,Enjoyment,InFavor,0.8
744,tweet_id:1919293369248887200,Sadness,Opposedto,-0.7
745,tweet_id:1919281621754085780,Contempt,Opposedto,-0.8
746,tweet_id:1919278385693372486,Neutral,InFavor,0.5
747,tweet_id:1919278206491955356,Sadness,InFavor,-0.5
748,tweet_id:1919277791671099586,Neutral,InFavor,0.5
749,tweet_id:1919269547326022059,Anger,Opposedto,-0.8
750,tweet_id:1919266913685025079,Neutral,InFavor,0.5
751,tweet_id:1919265019818062278,Anger,Opposedto,-0.8
752,tweet_id:1919236776180261059,Neutral,InFavor,0.5
753,tweet_id:1919234881172676766,Neutral,InFavor,0.2
754,tweet_id:1919233860262342898,Neutral,InFavor,0.5
755,tweet_id:1919207047213498834,Disgust,Opposedto,-0.8
756,tweet_id:1919018366745919849,Contempt,InFavor,0.8
757,tweet_id:1918986113189867828,Enjoyment,InFavor,0.8
758,tweet_id:1918983777495183707,Anger,InFavor,0.8
759,tweet_id:1918978599207788703,Enjoyment,InFavor,0.8
760,tweet_id:1918973696514928680,Enjoyment,InFavor,0.8
761,tweet_id:1918931665981669587,Enjoyment,InFavor,0.8
762,tweet_id:1918930387260092637,Enjoyment,InFavor,0.8
763,tweet_id:1918922593958055984,Enjoyment,InFavor,0.8
764,tweet_id:1918902275625660847,Enjoyment,InFavor,0.8
765,tweet_id:1918902098718007783,Enjoyment,InFavor,0.8
766,tweet_id:1918832141657600371,Enjoyment,InFavor,0.8
767,tweet_id:1967026817623355632,Neutral,InFavor,0.5
